"book","project","stretch","prosodic","momentum","sentencelength","prosaic","notissue","bigabstraction","memorize","pagecanvas","communicationvolume","contentvolume","shock","humor","sound","argument","structural","otherattributes","loose","historical","associative","variedregister","syntax","breakrules","mainpoint","meta","scan","abstractthinking","explanation","realworld","singleself","authorflag","flag0","flag1","flag2","consistent","shortline","mediumline","longline","asserts","absurd","logical","low","middle","high","coherentlinear","coherentjumping","absurdsurreal","causeeffectyes","causeeffectno"
"(guns & butter)",1,1,3,5,2,1,1,1,1,1,5,5,1,1,2,1,1,2,1,1,4,4,4,4,0,0,0,3,0,1,1,0,0,0,0,1,0,0,0,1,0,0,0,0,0,0,0,0,1,0
"248 mgs., a panic picnic",1,1,5,3,1,1,1,0,0,0,2,5,1,1,5,0,0,5,1,0,5,1,5,5,0,0,0,3,0,0,0,1,0,0,0,1,1,0,0,0,0,0,0,1,0,0,0,0,0,0
"77 Dream Songs",1,0,5,3,2,2,1,0,1,0,3,4,1,1,4,1,0,4,2,0,4,4,5,4,1,0,1,3,0,0,0,0,0,0,0,1,0,1,0,1,0,0,0,0,0,0,0,0,0,1
"77 Dream Songs",0,0,5,2,2,1,1,1,1,0,4,4,1,1,5,1,0,4,1,0,5,5,5,5,1,0,1,3,0,0,0,0,0,0,0,1,0,1,0,0,1,0,0,0,0,0,0,0,1,0
"A Brief History of Time",0,0,3,4,5,3,0,1,0,0,3,4,1,0,3,1,1,4,3,1,4,4,4,4,1,0,1,3,1,1,1,1,0,0,0,0,0,0,0,0,0,1,0,0,0,0,1,0,0,0
"A Cooney Island of the Mind",0,1,3,5,4,4,0,1,1,1,4,5,1,1,3,1,0,1,5,1,3,4,2,2,0,0,0,4,0,1,1,0,0,0,0,1,0,0,0,0,0,1,0,0,0,1,0,0,0,1
"A Dirt Road Hangs From the Sky",1,0,2,5,3,3,0,0,1,0,1,5,0,0,1,0,1,1,5,1,3,1,3,2,1,0,0,1,1,1,0,1,0,0,0,1,0,1,0,0,0,0,0,1,0,1,0,0,1,0
"A History of Broken Love Things",1,1,5,4,3,4,0,1,1,0,3,4,0,0,4,0,0,3,5,0,4,4,4,4,1,0,0,3,1,1,0,0,0,0,0,1,1,0,0,0,0,0,0,0,0,0,1,0,1,0
"A New Language for Falling Out of Love",1,1,3,1,4,4,0,1,1,0,4,5,1,0,4,1,0,2,5,1,4,4,3,2,0,1,0,5,0,0,1,0,0,0,0,1,0,0,0,0,1,0,0,0,0,0,0,1,1,0
"A Several World",0,1,2,4,5,2,0,1,1,0,2,3,0,0,4,0,1,2,4,1,4,1,5,5,0,0,0,5,0,0,0,0,0,0,0,1,0,1,0,0,0,0,0,0,0,0,1,0,1,0
"Accepting the Disaster",1,0,3,2,2,4,0,1,1,0,2,3,0,0,4,1,1,2,3,0,2,4,2,1,0,0,1,2,0,1,1,0,0,0,0,1,0,1,0,0,0,1,0,1,0,0,1,0,1,0
"Accepting the Disaster",0,0,5,2,3,3,0,0,1,1,2,3,0,0,3,1,0,3,2,0,2,2,3,2,1,0,1,2,0,1,1,0,0,0,0,1,0,1,0,1,0,0,0,0,0,1,0,0,0,1
"After I Stop Lying",0,0,2,5,3,4,0,1,1,0,1,3,0,0,1,1,0,3,4,1,4,3,4,2,1,0,0,2,0,1,1,1,0,0,0,1,0,1,0,0,0,1,0,0,0,1,0,0,1,0
"Aimless Love",0,1,3,3,2,5,0,0,1,0,3,4,0,1,2,0,0,3,3,0,3,3,3,3,1,1,1,3,1,1,1,0,0,0,1,1,1,0,0,1,0,0,0,1,0,1,0,0,0,0
"All in Black Blood My Love Went Riding",1,1,3,2,2,2,0,1,1,0,3,4,0,1,3,0,0,4,5,0,4,3,3,3,0,0,0,5,0,1,1,1,0,0,1,1,0,0,0,1,0,0,0,0,0,0,0,0,0,1
"Alphabet",1,1,4,4,5,5,1,1,0,0,2,4,0,0,3,1,0,2,2,1,4,4,4,4,1,0,0,2,0,1,1,0,0,0,0,1,0,0,0,1,0,0,0,0,0,0,0,0,1,0
"Ancestral Worship",1,0,3,4,4,4,0,1,1,0,2,3,0,1,4,1,0,4,4,1,1,4,2,3,1,0,1,2,0,1,0,1,1,0,0,1,0,1,0,0,0,0,0,0,0,1,0,0,1,0
"Angels & Beasts",1,1,1,5,5,4,0,1,1,0,1,3,1,0,1,0,0,1,5,0,3,1,4,3,1,0,0,3,0,1,1,1,0,0,1,1,0,0,0,0,1,0,0,0,1,0,0,1,1,0
"Animal Magnetism",1,0,3,1,3,2,0,1,0,0,3,5,1,1,3,1,1,1,3,0,2,3,3,2,1,0,0,3,1,1,1,1,0,0,0,1,0,1,0,0,0,1,0,0,0,0,1,0,1,0
"apocryphal",1,1,4,4,2,2,1,1,0,1,5,3,1,0,4,0,0,3,1,0,1,1,2,3,1,0,0,1,0,0,1,1,0,0,0,1,0,0,0,0,0,0,0,1,0,0,0,0,0,1
"Apology of a Girl Who Is Told She Is Going to Hell",0,1,3,4,3,3,0,1,1,0,2,4,1,1,1,1,1,1,5,0,2,3,3,2,1,0,0,2,1,1,0,1,0,0,0,1,0,0,0,0,0,1,0,1,0,0,1,0,1,0
"Ariel",0,0,4,1,2,2,0,1,1,0,2,3,1,0,4,1,0,3,3,0,2,2,3,2,1,0,0,3,1,1,1,0,0,0,0,1,0,0,0,1,0,0,0,1,0,1,0,0,1,0
"As Long As Trees Last",0,1,3,2,2,2,1,1,1,1,2,3,0,0,3,1,0,4,4,0,5,5,2,4,1,0,0,2,0,1,0,0,0,0,0,1,1,0,0,0,0,1,0,1,0,0,0,0,0,1
"At Night",1,0,3,1,2,2,1,1,1,0,1,2,0,0,2,0,0,3,4,0,4,1,2,3,0,0,0,2,0,0,1,0,0,0,0,1,0,0,0,0,0,0,0,1,0,0,0,0,0,1
"At Night",1,0,3,2,2,2,1,1,1,0,2,2,0,0,2,0,0,2,4,0,4,1,2,2,0,0,0,2,0,0,1,0,0,0,0,1,0,0,0,0,0,0,0,1,0,0,0,0,0,1
"Autobiography/Anti-Autobiography",1,1,3,5,1,3,0,1,1,1,3,5,1,1,5,0,0,3,5,0,5,5,5,5,1,0,0,5,0,1,0,1,0,0,1,1,1,0,0,0,0,1,0,0,0,0,1,0,1,0
"Averno",0,0,2,4,4,2,0,1,1,0,2,3,0,0,2,1,1,2,2,0,2,2,4,2,1,0,0,2,1,1,1,0,0,0,0,1,0,1,0,0,0,1,0,1,0,0,1,0,1,0
"Averno",0,0,3,3,3,4,0,1,1,0,1,1,0,0,2,1,1,2,4,0,3,2,2,2,1,0,0,3,1,1,1,0,0,0,0,1,0,1,0,0,0,1,0,1,0,1,0,0,1,0
"Averno",1,0,2,4,3,4,0,1,0,0,1,2,0,0,2,1,1,1,4,0,2,2,2,2,1,0,0,3,1,1,1,0,0,0,0,1,0,1,0,0,0,1,0,1,0,0,1,0,1,0
"Ban en Banlieu",1,1,3,4,4,2,0,1,0,0,4,5,1,0,3,1,1,4,4,1,4,2,4,4,1,1,0,4,0,1,1,0,0,0,0,1,0,0,0,0,0,1,0,0,0,0,0,0,1,0
"Beast Feast",1,1,5,4,3,1,1,0,1,1,5,5,1,0,5,1,0,4,4,1,5,4,5,5,0,0,1,3,0,0,0,0,1,0,0,0,0,0,0,1,0,0,0,0,0,0,0,0,0,0
"Birds of Tifft",1,1,4,4,3,3,0,0,0,1,3,2,0,1,3,0,0,4,4,0,3,2,3,3,0,0,0,2,0,1,1,1,0,0,0,1,0,1,0,0,0,0,0,1,0,0,0,0,1,0
"Birds With Teeth",1,1,3,3,3,2,1,1,1,1,5,3,1,0,3,1,0,3,5,0,4,2,4,5,0,1,0,3,0,0,0,0,0,0,0,0,0,0,0,1,0,0,0,0,0,0,0,0,1,0
"Black Aperture",1,0,4,3,3,2,0,1,1,0,2,4,0,0,3,1,0,3,3,0,3,2,2,2,1,1,0,2,0,0,1,0,0,0,0,1,1,0,0,0,0,0,0,1,0,0,1,0,0,0
"Blessing the Boats",0,1,2,3,2,4,0,1,1,0,1,5,1,0,1,1,0,1,5,0,1,1,1,5,1,0,0,1,0,0,1,0,0,0,0,1,0,1,0,1,0,0,0,1,0,1,0,0,1,0
"Bluets",1,0,2,4,3,4,0,1,1,0,2,3,0,1,2,1,1,1,4,0,4,2,2,1,1,0,0,3,0,1,1,0,0,0,0,1,0,0,0,0,0,1,0,0,0,0,0,0,1,0
"Bluets",1,1,1,3,4,4,0,1,1,0,2,4,0,0,1,1,1,1,4,1,4,4,2,1,1,1,0,3,1,1,1,0,0,0,0,1,0,0,0,0,0,1,0,1,0,0,0,0,1,0
"Bluets",1,1,1,3,3,4,0,1,1,0,2,3,0,1,1,1,1,1,4,0,4,3,2,1,1,0,0,3,1,1,1,0,0,0,0,1,0,0,0,0,0,1,0,1,0,0,0,0,1,0
"Body Thesaurus",1,0,5,3,3,1,0,1,0,0,4,5,1,0,5,1,0,4,2,0,5,4,5,5,1,0,0,4,0,0,1,1,0,0,0,1,0,1,0,0,0,1,0,1,0,0,0,0,1,0
"Boyfriend Mountain",1,0,2,4,3,4,0,1,1,0,1,2,0,1,1,1,0,1,5,0,4,2,1,1,1,0,0,4,0,1,1,1,0,0,0,1,0,1,0,0,0,1,0,1,0,0,0,0,1,0
"Burn This House",1,0,4,5,3,3,0,1,1,0,3,3,0,0,2,1,0,3,4,0,4,4,4,3,1,0,0,4,0,1,1,0,0,0,0,1,0,1,0,0,0,1,0,1,0,1,0,0,1,0
"Call Me Ishmael Tonight",1,0,5,2,2,1,0,1,0,0,1,3,0,0,4,1,0,4,1,1,4,1,4,2,1,0,1,4,0,0,1,0,0,0,0,1,0,1,0,0,0,1,0,1,0,0,0,0,0,1
"Cameo select poems with biographical narrative",1,1,3,4,3,3,0,1,0,1,3,3,0,0,3,0,1,4,4,0,3,3,3,3,0,0,0,3,0,1,0,1,0,0,0,1,0,0,0,0,0,0,0,0,0,0,0,0,1,0
"Campeche",1,0,5,4,4,4,0,1,1,0,4,4,0,0,5,1,0,2,1,0,2,4,4,3,1,0,1,2,1,1,0,1,0,0,0,0,0,1,0,0,0,1,0,0,0,1,0,0,1,0
"Capacity",1,1,4,5,4,1,0,1,0,0,3,3,0,0,2,1,1,2,3,0,1,1,5,4,1,0,0,5,1,0,1,0,0,0,0,1,0,0,0,0,0,1,0,0,1,1,0,0,1,0
"Cathedrals and Highrise",1,0,5,4,3,3,0,1,1,0,3,4,0,0,3,1,0,1,2,1,2,2,2,1,1,0,1,2,1,1,0,0,0,0,0,1,0,1,0,0,0,1,0,0,0,0,1,0,1,0
"Coeur de Lion",1,0,1,5,5,5,0,1,0,0,3,4,1,1,2,1,1,1,3,0,3,2,2,2,1,0,0,3,1,1,1,0,0,0,0,1,1,0,0,0,0,1,0,1,0,0,1,0,1,0
"Collected Poems",0,0,5,1,2,1,1,1,1,0,3,3,0,0,4,1,0,3,1,0,2,2,4,4,1,0,1,4,1,1,1,0,0,0,0,1,1,0,0,0,0,1,0,0,0,1,0,0,1,0
"Conspiracy of Beauty",0,1,3,2,4,2,0,1,1,0,3,4,0,0,3,1,1,3,4,0,4,2,3,4,1,1,0,5,0,0,1,0,0,0,0,1,0,0,0,1,0,0,0,0,0,0,1,0,1,0
"Correct Animal",0,0,2,2,2,2,1,1,1,0,1,1,0,1,1,1,0,4,4,0,4,2,1,2,0,0,0,4,0,1,1,1,0,0,0,1,1,0,0,1,0,0,0,1,0,0,0,0,0,0
"Covers",1,1,5,4,4,3,0,1,0,1,2,3,0,1,3,1,1,2,2,1,2,4,3,3,1,0,0,2,0,1,1,1,0,0,0,0,0,0,0,1,0,0,0,0,0,0,1,0,1,0
"Crevasse",0,1,4,4,2,4,0,0,0,0,2,5,1,1,3,0,0,4,3,1,4,4,2,3,1,1,0,4,0,1,0,1,0,0,1,1,0,0,0,1,0,0,0,1,0,0,0,0,1,0
"Dark Green",0,1,4,4,3,3,0,1,1,1,3,3,0,0,3,1,0,2,3,0,3,3,3,3,1,0,0,3,0,1,1,0,0,0,0,1,0,1,0,0,0,0,0,1,0,0,0,0,0,0
"Dear Alain",1,1,5,4,4,4,1,1,0,1,4,5,0,1,3,1,1,2,2,0,5,5,3,4,0,1,1,3,1,1,0,1,0,0,0,0,0,0,0,0,1,0,1,0,0,0,0,0,0,1
"Dear Weather Ghost",0,0,3,4,2,1,0,1,1,1,4,2,0,1,4,1,0,3,4,0,4,5,2,4,0,0,0,1,0,1,0,1,0,0,0,1,0,1,0,1,0,0,1,0,0,0,0,1,0,0
"Desiring Map",1,1,4,3,3,1,1,0,0,1,2,3,0,0,3,1,0,3,4,1,4,3,4,4,1,0,0,2,0,0,0,1,0,0,0,1,0,1,0,1,0,0,0,0,0,0,0,0,0,0
"Dirty Bomb",0,0,3,4,4,4,0,1,1,0,2,2,0,0,2,1,0,2,3,0,4,2,2,3,1,0,1,2,1,1,1,0,0,0,0,0,0,0,0,0,0,1,0,0,0,0,0,0,1,0
"Don't Let Me Be Lonely",1,1,1,4,4,5,0,1,0,0,1,3,0,0,1,1,1,1,2,0,4,3,3,1,1,0,0,3,1,1,1,0,0,0,0,1,0,0,0,0,0,1,0,1,0,0,1,0,1,0
"Dowry Meat",0,1,3,4,2,2,1,0,1,0,2,5,1,0,2,0,0,4,5,0,3,4,2,4,1,0,0,2,0,1,1,1,0,0,0,1,0,0,0,0,0,0,0,0,0,0,0,0,1,0
"Earthly Use",1,1,5,5,3,3,0,1,1,0,2,4,0,0,4,1,0,3,2,1,1,5,4,2,1,0,1,4,0,1,0,0,0,0,0,1,0,0,0,0,0,0,0,0,0,1,0,0,1,0
"Electrical Theories of Femininity",1,1,3,5,3,1,1,1,0,1,1,3,0,0,1,1,0,1,5,1,5,3,4,5,0,1,0,3,0,0,0,1,0,0,0,1,0,0,0,1,0,0,0,0,0,0,0,0,0,0
"Elegy",1,1,3,5,5,5,0,1,0,0,3,5,0,0,3,1,1,2,5,1,3,3,4,3,1,0,0,2,0,1,1,0,0,0,0,1,0,0,1,1,0,0,0,0,0,0,1,0,1,0
"eraser poems",1,0,3,5,1,5,0,1,1,0,2,2,1,1,1,1,1,1,4,1,1,3,1,2,1,1,0,3,0,1,1,1,0,0,0,1,1,0,0,0,1,0,1,0,0,1,0,0,1,0
"Ethical Consciousness",0,1,2,4,5,1,0,1,1,1,4,2,0,0,3,1,1,3,5,1,5,4,4,2,0,0,0,4,0,1,0,1,0,0,0,1,1,0,0,0,0,1,0,0,0,0,0,0,0,1
"Eunoia",1,1,5,4,3,1,0,1,0,1,3,3,1,1,5,1,0,5,1,0,5,5,5,1,0,1,1,1,0,0,0,1,0,0,0,1,0,0,0,0,0,0,0,0,0,1,0,0,0,0
"Eunoia",1,1,4,4,3,2,1,0,1,0,4,3,1,1,5,0,0,5,1,0,4,4,4,2,0,1,1,2,0,0,0,0,0,0,0,1,0,0,0,0,0,0,0,0,0,1,0,0,0,1
"Eunoia",1,1,5,3,3,3,1,0,1,0,4,4,1,1,5,1,0,5,1,0,4,5,3,4,0,1,0,2,1,1,1,0,0,0,0,1,0,0,0,0,0,1,0,0,0,0,0,1,0,1
"Even Though I Don't Miss You",1,1,2,3,4,2,0,1,1,0,4,2,1,1,3,1,0,2,4,0,4,2,4,4,0,1,0,4,0,1,1,0,0,0,0,1,0,0,0,0,1,0,0,1,0,0,1,0,1,0
"Eyelid Lick",1,1,3,5,5,4,0,1,0,1,5,5,1,1,4,1,0,3,5,1,5,5,5,5,0,1,0,3,1,0,0,1,0,0,0,0,0,0,1,0,1,0,0,0,0,0,0,1,0,1
"Eyelid Lick",1,1,3,4,4,4,0,1,0,1,5,4,1,1,4,1,0,3,5,1,5,5,4,4,0,1,0,4,1,0,0,0,0,0,0,0,0,0,0,0,1,0,0,1,0,0,0,1,0,1
"Eyelid Lick",1,1,3,4,4,2,0,0,1,1,4,4,1,1,3,1,1,2,5,0,4,4,3,2,0,1,0,2,0,0,1,0,0,0,0,0,0,0,0,0,1,0,0,1,0,0,0,1,0,1
"Eyes Like Broken Windows",0,0,2,5,4,4,0,1,1,0,4,5,1,0,1,1,1,1,4,1,2,2,4,2,1,0,0,2,1,1,1,0,0,0,0,1,0,1,0,0,0,1,0,1,0,0,1,0,1,0
"F",1,1,2,4,3,2,0,1,1,1,2,4,1,0,3,1,0,2,4,1,4,5,4,3,0,0,0,4,0,0,0,0,0,0,0,1,1,0,0,0,0,1,0,1,0,0,0,1,1,0
"Fanny Says",1,1,3,5,5,3,0,1,0,0,2,3,1,1,5,1,1,1,5,0,1,1,2,3,1,0,0,1,1,1,1,0,0,0,0,1,0,0,0,0,0,1,0,0,0,1,0,0,1,0
"Fantasy",1,0,2,4,3,4,1,1,0,0,3,3,1,1,3,1,1,3,4,1,4,5,4,5,0,1,0,5,0,0,1,0,0,0,0,1,0,0,0,0,0,0,0,0,0,0,0,0,0,0
"Father Figures",1,0,3,4,4,4,0,0,1,0,2,4,0,0,2,1,1,1,4,0,4,1,3,3,1,0,0,1,0,1,1,0,0,0,0,1,0,1,0,1,0,0,0,0,0,1,0,0,1,0
"Featherbone",1,1,4,5,3,1,1,0,0,1,4,2,1,0,5,0,0,4,5,0,5,5,5,5,0,0,0,5,0,0,0,1,0,0,0,1,0,0,0,0,0,0,0,0,0,0,0,0,0,0
"Feelings Above Sea Level",0,1,2,3,5,1,0,1,1,0,3,4,0,0,2,1,0,2,4,1,4,2,4,4,1,0,0,3,0,0,1,0,0,0,0,1,0,0,0,0,1,0,0,0,1,0,0,1,1,0
"Festival",1,1,4,2,3,3,0,1,1,0,4,4,1,0,4,1,0,3,5,1,4,5,4,4,0,0,0,3,0,1,0,1,0,0,0,0,0,0,0,0,0,0,0,0,0,0,0,0,0,1
"Fiddle is Flood",0,1,4,2,4,1,0,1,1,1,2,4,1,0,2,0,0,3,2,1,4,2,4,4,1,0,0,2,0,1,0,0,0,0,1,1,0,0,0,1,0,0,0,0,0,0,0,0,0,1
"Flash Cards",1,1,2,2,3,3,0,0,1,1,2,4,1,1,3,1,0,4,4,1,4,5,2,3,1,1,0,4,0,1,1,0,0,0,0,1,0,0,0,0,1,0,0,1,0,0,0,0,0,0
"Fortune's Favor: Scott in Antarctica",1,0,5,2,3,1,0,1,0,0,1,4,0,0,4,1,1,3,1,1,1,1,3,1,1,0,1,2,1,1,1,1,0,0,0,1,0,1,0,1,0,0,0,0,1,1,0,0,1,0
"Forty-one Jane Doe's",1,1,2,3,3,2,0,1,0,0,2,3,0,0,3,1,0,2,5,0,4,4,3,3,0,0,0,3,0,1,0,1,0,0,0,1,0,0,0,0,0,1,0,0,0,0,1,0,1,0
"Glossolalia",1,1,2,4,3,4,0,1,1,1,1,4,0,0,2,1,0,4,3,1,3,2,2,4,1,0,0,3,0,1,0,1,0,0,0,0,0,0,0,1,0,0,0,0,0,0,1,0,1,0
"God Damsel",1,1,3,3,4,2,1,1,0,1,3,4,0,1,4,1,0,3,4,0,3,4,3,4,0,0,0,4,0,0,0,1,0,0,0,1,0,0,0,0,1,0,0,0,0,0,1,0,1,0
"Good Eurydice",0,1,4,4,3,2,1,1,1,1,4,3,0,0,4,1,0,4,5,1,4,5,4,5,0,1,0,2,0,1,1,1,0,0,0,0,0,1,0,0,0,0,0,0,0,1,0,0,1,0
"Graffiti Signatures",0,1,3,3,3,3,0,1,1,1,3,4,0,0,3,1,1,4,3,0,4,2,3,3,1,0,0,2,0,1,0,1,0,0,0,0,0,1,0,0,0,1,0,0,0,0,0,0,1,0
"Handiwork",1,1,5,3,2,1,1,0,1,1,2,4,0,0,5,0,0,5,1,1,5,4,5,5,0,1,0,1,0,0,0,1,0,0,0,1,1,0,0,0,0,0,0,0,0,0,0,0,0,1
"Hapax",0,0,5,3,4,2,0,0,1,0,3,2,0,0,5,1,0,3,2,0,1,3,4,2,1,0,1,3,0,1,1,0,0,0,0,1,0,1,0,1,0,0,0,0,0,1,0,0,1,0
"Heliopause",0,0,2,4,2,3,0,1,1,1,3,3,0,1,3,1,0,3,4,1,4,3,2,3,0,1,0,3,0,1,1,1,0,0,0,1,0,0,0,0,0,1,0,1,0,0,0,0,1,0
"Herculaneum's Fortune",1,0,3,3,1,2,1,1,1,1,1,3,0,0,2,0,0,3,4,0,4,3,3,3,1,0,0,3,0,1,1,0,0,0,0,1,1,0,0,0,0,0,0,0,0,0,0,0,0,1
"Herculaneum's Fortune",1,1,3,4,2,2,1,1,1,1,2,4,0,0,2,1,0,3,5,1,2,4,3,3,1,0,0,3,0,1,0,1,0,0,0,1,0,0,0,0,0,1,0,1,0,0,1,0,1,0
"Hermead Vol 1",1,0,5,5,5,4,0,1,1,1,3,5,0,1,3,1,1,2,2,1,1,2,4,2,1,0,1,2,0,1,1,0,0,0,0,1,0,0,1,0,0,1,0,0,1,1,0,0,1,0
"Histories of the Future Perfect",1,1,4,5,5,1,1,1,1,0,3,4,0,0,4,1,0,4,3,1,5,2,5,5,0,0,0,4,0,0,0,1,0,0,0,1,0,1,0,0,1,0,0,0,0,0,0,1,1,0
"Howl and Other Poems",0,1,3,3,5,3,0,1,0,0,5,5,1,0,3,1,1,1,4,1,2,4,3,2,1,0,0,2,1,1,0,0,0,0,0,0,0,0,0,0,1,0,0,0,0,0,1,0,1,0
"I Live in a Hut",0,0,4,3,2,1,0,1,1,0,2,5,1,1,2,1,0,2,5,0,5,5,4,2,1,0,0,2,0,1,0,1,0,0,0,1,0,1,0,0,1,0,0,0,0,0,0,1,0,1
"i'm alive / it hurts / i love it",1,1,2,4,4,4,0,1,1,0,3,4,0,0,2,0,0,1,5,0,1,5,2,2,1,0,0,4,0,1,1,0,0,0,0,1,0,1,0,0,0,0,0,0,0,1,0,0,1,0
"Ignition: Poem Starters, Septolets, Statements and Double Dog Dares",0,1,2,3,2,2,1,1,1,0,4,4,1,1,3,1,0,1,4,1,2,2,2,3,1,1,0,3,0,1,1,0,0,0,0,0,1,0,0,0,1,0,0,1,0,0,0,1,0,0
"Imperial Nostalgias",0,0,4,2,3,1,0,1,1,0,3,3,0,0,3,1,1,3,4,0,4,4,4,3,0,0,0,4,0,1,0,1,0,0,0,0,0,0,0,1,0,0,0,0,0,0,0,0,0,0
"In the ice house",0,1,3,2,3,2,0,0,1,0,2,1,0,0,2,0,1,4,5,0,2,3,2,3,1,0,0,3,0,1,1,1,0,0,0,1,0,0,0,0,0,0,0,1,0,0,0,0,0,0
"In The Next Galaxy",0,0,4,4,3,4,0,1,1,0,2,2,1,1,1,1,0,1,3,0,2,4,3,2,1,0,1,4,0,1,1,0,0,0,0,1,0,1,0,0,0,1,0,1,0,0,1,0,1,0
"In Ways Impossible to Fold",1,1,4,3,3,1,0,1,1,1,3,3,0,0,2,1,0,5,3,1,5,4,4,4,0,0,1,4,0,0,0,1,0,0,0,0,0,0,0,0,1,0,0,0,0,0,0,0,0,1
"Incarnadine",1,1,3,4,4,3,0,1,1,0,1,4,0,0,1,1,1,3,5,1,2,1,3,2,1,0,0,3,0,1,1,0,0,0,0,1,0,1,0,0,0,1,0,1,0,0,1,0,1,0
"Intervening Absence",1,1,2,4,1,2,0,1,0,0,1,3,0,0,3,1,0,3,4,0,4,4,4,3,0,0,0,4,0,1,0,1,0,0,0,1,0,1,0,0,0,1,0,0,1,0,1,0,1,0
"Invasions",1,0,4,5,5,3,0,1,1,0,4,4,1,0,4,1,1,2,2,1,2,4,4,1,1,0,1,2,1,1,1,0,0,0,0,1,0,1,0,0,0,1,0,0,0,1,0,0,1,0
"Kill Manual",1,1,2,2,3,4,0,1,0,1,5,5,1,0,4,1,1,5,5,1,4,2,5,5,0,1,0,3,0,1,0,0,0,0,0,0,0,0,0,0,0,0,0,0,0,0,1,0,1,0
"Leaves of Grass",1,1,2,4,5,4,0,1,0,0,2,3,1,0,3,1,1,2,4,1,4,2,4,2,1,0,0,2,0,1,1,0,0,0,0,1,0,0,1,1,0,0,0,0,0,0,1,0,1,0
"Letters From Robots",0,0,1,2,2,4,0,1,1,0,3,4,0,1,1,1,1,1,5,0,2,2,2,2,1,0,0,2,1,1,1,0,0,0,0,1,0,1,0,0,0,1,1,0,0,0,1,0,1,0
"Letters From Robots",1,1,3,4,3,3,0,1,1,0,3,3,0,1,2,0,0,1,5,0,3,2,2,3,1,0,0,2,0,1,1,1,0,0,0,1,0,0,0,0,0,0,0,1,0,1,0,0,1,0
"Letters to Wendy's",1,1,1,4,4,4,0,1,1,0,5,5,1,1,1,1,1,1,1,1,2,4,3,2,0,0,0,4,1,1,1,0,0,0,0,1,0,0,0,0,1,0,0,0,0,0,1,0,1,0
"Life Cycle",1,1,4,2,3,3,0,0,1,1,4,4,0,0,3,1,1,3,4,0,4,4,2,4,1,0,0,4,0,1,0,1,0,0,0,1,0,1,0,0,0,1,0,0,0,0,1,0,1,0
"Life on Mars",1,0,4,1,1,1,0,1,1,0,2,4,1,0,4,1,0,3,5,0,2,2,3,2,1,1,0,5,1,1,1,0,0,0,0,1,0,0,0,0,0,1,0,1,0,0,1,0,0,0
"Like Oysters Observing the Sun",1,1,3,4,4,3,0,0,0,1,3,4,0,0,3,1,1,3,4,1,4,4,4,3,1,0,0,3,0,0,0,1,0,0,0,1,0,0,0,1,0,0,0,0,0,0,0,0,0,1
"Listening to Winter",0,0,3,3,3,4,0,1,1,0,1,5,1,0,2,1,1,1,5,0,2,2,2,2,1,0,0,3,0,1,1,1,0,0,0,1,0,1,0,0,0,1,0,0,0,1,0,0,1,0
"loose strife",0,0,3,4,4,3,0,1,0,1,4,4,1,0,2,1,1,2,4,1,3,4,4,2,1,0,0,3,0,1,0,0,0,0,0,0,0,0,0,1,0,0,0,1,0,0,0,0,1,0
"Magdalene & the Mermaids",1,1,3,3,3,1,1,1,0,1,5,5,1,0,3,1,1,3,4,1,2,2,4,3,1,0,0,4,0,1,0,1,0,0,0,1,0,0,0,0,0,1,0,0,0,0,0,0,1,0
"Map of the Hydrogen World",0,1,4,3,2,1,1,1,1,1,3,3,1,1,4,1,0,3,5,1,4,5,4,4,0,0,0,4,0,0,0,1,0,0,0,0,0,0,0,0,0,1,0,0,0,0,0,0,1,0
"Maximum Gaga",1,1,3,5,3,2,1,1,0,1,5,5,1,1,4,1,0,3,5,1,3,2,5,5,0,0,0,4,0,0,0,0,0,0,0,1,0,1,0,0,1,0,0,0,0,0,0,1,0,0
"Meditations in an Emergency",1,1,2,4,3,2,1,0,0,1,3,2,0,1,2,0,1,2,5,1,4,4,4,5,1,1,0,4,0,1,1,0,0,0,0,0,0,0,1,0,0,0,0,1,0,0,0,0,0,1
"Memling's Veil",1,0,3,5,4,4,0,1,1,0,2,2,0,0,2,1,1,3,4,0,4,3,4,2,0,0,0,3,0,0,1,0,0,0,0,1,0,1,0,0,1,0,0,1,0,0,0,0,0,1
"Mendeleev's Mandala",0,1,4,4,3,2,0,1,1,1,2,3,0,1,4,1,0,4,3,0,2,4,4,4,0,0,0,3,1,1,0,1,0,0,0,0,0,1,0,0,1,0,0,1,0,0,0,0,1,0
"Metamericana",1,1,2,5,5,2,0,1,0,0,2,3,0,1,2,1,1,1,5,1,2,5,5,2,0,1,0,4,1,0,0,0,0,0,0,0,0,0,0,0,0,1,0,0,0,0,1,0,1,0
"Mid Evil",1,0,4,2,4,2,0,1,1,0,1,3,0,0,3,1,1,2,2,1,2,4,3,1,0,1,1,2,0,1,1,0,0,0,0,1,0,0,0,0,0,1,0,0,0,0,1,0,1,0
"Miss America",0,0,4,3,2,2,1,0,1,0,5,4,0,0,4,1,0,4,4,0,5,3,3,5,0,1,0,5,0,0,1,0,0,0,0,1,0,1,0,1,0,0,0,0,0,0,0,0,1,0
"Monozygotic | Codependent",1,0,3,2,2,2,1,1,1,0,2,3,0,0,3,1,1,1,5,0,3,2,2,2,1,0,0,1,0,0,1,1,0,0,0,1,0,1,0,0,1,0,0,1,0,0,0,0,1,0
"More Surface",0,1,1,2,2,1,1,0,1,0,1,1,0,0,1,1,0,3,5,0,2,1,2,3,1,0,0,4,0,1,1,1,0,0,0,1,1,0,0,1,0,0,0,0,0,0,0,0,0,1
"Moth Moon",1,1,3,3,4,1,1,1,1,0,2,3,0,0,2,0,0,3,4,1,5,3,3,3,1,0,0,4,0,1,0,0,0,0,0,1,0,0,0,0,0,0,0,1,0,0,0,0,0,0
"Mr. West",1,1,2,3,3,3,0,1,0,0,2,4,1,0,1,1,1,2,4,1,4,4,2,3,0,0,0,3,0,1,1,1,0,0,0,1,0,0,0,0,0,1,0,0,0,0,1,0,1,0
"My Life In Heaven",1,0,3,2,3,5,0,1,1,0,2,3,0,0,3,0,0,4,4,1,4,2,3,2,0,1,0,3,0,1,1,0,0,0,0,1,0,1,0,0,0,0,0,1,0,0,1,0,0,1
"Necessary Turns",0,0,3,3,3,3,1,1,0,0,2,3,0,0,3,0,0,2,4,0,2,3,3,3,1,0,0,3,0,1,1,0,0,0,0,1,0,1,0,0,0,0,0,1,0,0,1,0,0,0
"Negro League Baseball",1,1,5,4,3,2,0,0,0,1,3,3,0,0,4,1,0,3,4,1,4,5,4,5,0,0,0,3,0,0,1,0,0,0,0,1,0,0,0,1,0,0,0,0,0,0,0,0,1,0
"Of Being Numerous",0,1,2,1,2,1,0,1,0,0,1,4,0,0,2,1,1,3,3,1,4,2,2,3,1,0,0,2,0,1,1,0,0,0,0,1,0,1,0,0,0,1,0,1,0,0,0,0,1,0
"Ordinary Sun",1,0,3,4,5,3,0,0,1,0,2,3,1,0,3,1,1,2,5,1,5,4,4,4,0,0,0,2,0,1,1,0,0,0,0,1,0,0,1,0,1,0,0,0,0,0,0,0,0,1
"Orphan City",1,1,2,4,2,3,0,1,1,0,3,4,0,0,1,0,1,2,5,1,2,2,2,2,1,0,0,1,1,1,0,1,0,0,0,1,1,0,0,0,0,0,0,1,0,1,0,0,1,0
"Other Archer",1,1,4,4,3,2,1,1,1,0,3,3,0,0,4,1,0,4,3,1,5,3,4,5,0,1,0,3,0,1,0,1,0,0,0,0,0,0,0,1,0,0,0,0,0,0,0,0,1,0
"Other People's Comfort Keeps Me Up At Night",0,1,3,4,3,5,1,0,1,0,2,4,1,1,3,1,0,2,4,1,3,5,3,4,1,0,0,2,0,1,1,0,0,0,0,1,1,0,0,0,1,0,0,0,0,0,0,0,0,0
"overtakelessness",1,1,4,4,4,2,0,1,1,1,4,3,0,0,4,1,0,3,4,1,4,4,4,4,1,0,0,3,1,1,1,0,0,0,0,1,0,1,0,1,0,0,0,1,0,0,1,0,1,0
"Paper Doll Fetus",1,0,3,4,4,3,0,1,0,0,2,4,0,0,3,1,1,1,4,1,2,2,4,2,1,0,0,2,0,1,0,0,0,0,0,1,0,1,0,0,0,1,0,0,0,1,0,0,1,0
"Partyknife",1,1,2,1,2,2,0,0,1,0,5,4,1,1,3,1,0,1,5,0,5,3,2,4,0,0,0,2,1,1,1,0,0,0,0,1,0,1,0,0,1,0,1,0,0,0,1,0,1,0
"Partyknife",1,0,2,2,4,4,0,1,0,0,5,5,1,1,1,1,0,3,4,1,4,4,3,3,0,0,0,3,0,1,1,0,0,0,0,1,0,0,1,1,0,0,0,0,0,0,0,0,0,1
"Petrarch Collected Atkins",1,1,5,3,3,1,1,1,1,0,5,1,0,1,5,1,0,2,2,1,4,5,4,3,1,1,1,2,0,1,0,1,0,0,0,1,0,1,0,0,0,1,0,0,0,0,0,0,1,0
"Poems 7",0,1,2,4,4,4,0,1,1,0,3,4,1,1,3,1,1,2,4,0,2,2,4,3,1,0,0,2,1,1,1,0,0,0,0,1,0,1,0,0,0,1,0,1,0,0,1,0,1,0
"Poems Descriptive of Rural Life and Scenery",1,1,5,4,5,2,1,1,0,0,5,5,1,1,5,1,0,4,4,1,5,3,4,5,0,0,0,4,0,0,0,0,0,0,0,1,0,0,0,0,0,0,0,0,0,0,0,0,0,0
"Poems Descriptive of Rural Life and Scenery",1,1,5,5,5,1,1,1,0,0,5,5,0,1,5,1,0,5,5,1,5,5,5,5,0,1,0,3,0,1,1,1,0,0,0,1,0,0,0,0,1,0,0,0,0,0,0,0,1,0
"poetic. cerul din delft si alte corpuri romanesti",1,1,4,3,3,2,0,1,1,1,2,2,0,0,4,0,1,2,3,1,4,5,5,2,0,0,1,2,0,1,0,0,0,0,1,1,0,0,0,0,1,0,0,1,0,0,0,0,0,0
"POP CORPSE!",1,1,4,5,3,1,0,1,0,1,5,5,1,1,5,0,0,3,5,1,3,5,3,4,1,0,0,3,1,0,0,1,0,0,0,0,0,0,0,0,0,0,0,0,0,0,0,1,1,0
"POP CORPSE!",1,0,4,3,2,1,1,1,0,1,5,5,1,1,5,1,1,4,4,1,2,2,3,4,1,0,0,1,1,0,0,0,0,0,0,1,0,0,0,0,0,1,0,0,0,0,0,1,1,0
"Praise",0,0,2,3,3,4,0,1,1,0,1,3,0,0,1,1,1,1,4,0,3,3,4,2,1,0,0,4,1,1,1,0,0,0,0,1,0,0,0,0,0,1,0,1,0,0,1,0,1,0
"Really Boomba",1,1,4,4,1,1,1,1,1,1,3,3,1,1,5,1,0,2,2,0,1,1,4,4,0,1,0,4,1,0,0,1,0,0,0,1,0,1,0,0,1,0,0,0,0,0,0,0,0,1
"rel[am]ent",1,1,4,4,4,3,0,1,0,1,4,5,1,1,2,1,1,3,4,0,4,4,4,5,0,0,0,3,1,1,1,1,0,0,0,1,0,0,0,0,1,0,0,0,0,0,1,0,1,0
"Reliquaria",1,0,5,4,5,3,0,1,0,0,3,5,0,0,5,1,0,3,2,1,4,2,4,4,1,0,1,2,0,1,0,1,0,0,0,1,0,1,0,0,0,1,0,0,1,0,1,0,1,0
"Remainland",1,1,3,4,2,2,0,1,1,0,3,5,1,0,4,0,0,2,5,0,2,2,4,4,1,0,0,2,0,0,1,0,0,0,0,1,0,0,0,0,0,0,0,1,0,0,0,1,0,1
"Render: An Apocalypse",1,1,5,2,2,1,0,1,1,0,1,3,1,0,5,0,0,1,5,0,2,1,2,3,1,0,0,2,0,1,1,0,0,0,0,1,1,0,0,0,0,0,0,1,0,1,0,0,1,0
"Resurrection Party",0,1,5,3,5,1,0,1,1,0,2,3,0,1,2,1,1,2,3,0,3,4,5,4,1,0,0,3,0,1,0,1,0,0,0,0,0,0,0,1,0,0,0,0,0,0,1,0,1,0
"Reveille",1,0,4,3,4,2,0,1,1,0,2,2,0,0,4,1,0,3,2,0,1,2,3,2,1,0,1,4,0,1,1,0,0,0,0,1,0,1,0,0,0,1,0,0,1,1,0,0,1,0
"Rides",1,1,4,3,3,4,1,1,1,0,3,3,1,1,4,1,0,3,4,1,4,4,3,2,1,0,0,2,0,1,0,0,0,0,0,1,1,0,0,0,1,0,0,1,0,0,0,1,1,0
"Rides",1,1,3,4,5,4,1,0,1,0,4,3,1,1,3,1,0,3,4,0,4,4,2,3,1,0,0,2,1,1,0,1,0,0,0,1,1,0,0,0,1,0,0,1,0,0,0,1,1,0
"Robinson Alone",1,1,4,2,2,3,0,0,0,0,2,2,0,1,3,1,0,3,4,1,1,2,3,2,1,0,0,3,0,1,1,0,0,0,0,1,0,0,0,1,0,0,0,1,0,0,1,0,1,0
"Rose",1,0,4,3,3,3,0,1,1,0,2,2,0,0,3,1,1,3,5,0,4,1,3,1,1,0,0,3,0,1,1,0,0,0,0,1,1,0,0,0,0,0,0,1,0,0,1,0,1,0
"Rousing the Machinery",1,0,2,4,4,2,1,0,0,0,1,3,0,0,4,1,0,2,4,0,4,3,4,2,1,0,0,3,0,1,1,0,0,0,0,1,0,1,0,1,0,0,0,0,1,0,1,0,1,0
"Self-Portrait in a Convex Mirror",0,0,4,5,5,2,0,1,0,0,3,1,0,1,3,1,0,3,4,0,5,4,5,4,0,1,0,4,0,0,0,0,0,0,0,1,0,1,0,0,1,0,0,0,0,0,0,0,0,1
"Self-Portrait in a Convex Mirror",0,0,2,4,4,2,0,0,1,0,3,2,0,1,2,1,0,3,4,0,5,2,5,4,1,1,0,3,0,1,1,0,0,0,0,1,0,0,1,0,1,0,0,1,0,0,0,0,0,1
"Sexual Boat (Sex Boats)",0,0,2,2,2,3,0,1,1,0,3,3,1,1,2,1,1,2,5,0,5,4,2,4,0,0,0,4,0,0,1,0,0,0,0,1,0,1,0,1,0,0,0,1,0,0,0,1,0,1
"Sexual Boat (Sex Boats)",0,0,2,1,3,1,0,1,1,0,5,4,0,1,2,1,0,2,5,0,5,4,4,4,1,0,0,3,0,0,1,1,0,0,0,0,0,0,0,0,1,0,0,0,0,0,0,1,0,1
"Situation Normal",0,0,2,2,2,4,0,1,0,0,2,3,0,1,3,1,1,2,4,0,2,4,2,2,1,0,0,3,0,1,1,1,0,0,0,1,1,0,0,0,0,1,0,0,0,0,0,1,1,0
"Sleeping with the Dictionary",0,1,5,5,2,4,1,0,1,0,5,3,0,1,5,0,0,5,4,0,2,5,2,5,0,0,0,2,0,0,1,0,0,0,0,1,0,0,0,0,0,0,0,0,0,0,0,0,0,1
"Smiles of the Unstoppable",0,0,3,4,5,1,0,1,1,0,3,4,1,1,3,1,0,2,5,0,4,5,4,4,0,0,0,2,1,1,1,0,0,0,0,1,0,0,0,0,1,0,0,1,0,0,1,0,1,0
"Smoked Pearl",0,1,3,3,3,2,0,1,1,0,4,4,1,0,4,1,1,3,4,1,2,2,3,3,1,0,0,3,1,1,1,1,0,0,0,1,0,1,0,0,0,1,0,0,0,0,1,0,1,0
"So Careless of Themselves",1,0,2,3,3,3,0,1,1,0,2,4,1,0,2,1,1,2,5,0,1,3,3,2,1,0,0,3,0,1,0,1,0,0,0,1,0,0,0,1,0,0,0,0,0,1,0,0,0,0
"SOLECISM",1,1,3,3,4,3,1,0,0,1,4,5,0,0,4,0,0,4,5,1,3,3,4,4,1,0,0,2,0,0,0,1,0,0,0,0,0,0,0,0,0,0,0,0,0,0,0,0,1,0
"Songs from the Astral Bestiary",1,1,4,5,2,4,1,1,1,1,1,3,0,0,3,1,0,3,5,0,2,2,2,4,0,0,0,4,0,1,1,0,0,0,0,1,1,0,0,0,0,0,0,0,0,0,0,0,0,1
"Star Dust",1,0,4,4,4,2,0,1,0,0,4,4,1,0,3,1,1,2,4,1,2,4,4,3,1,0,0,4,1,1,0,0,0,0,0,0,0,1,0,1,0,0,0,0,0,0,1,0,1,0
"Superior Packets",0,1,4,5,5,3,0,0,1,1,4,2,0,1,3,1,0,3,4,0,2,4,4,4,1,0,0,1,0,1,0,0,0,0,0,1,0,1,0,0,1,0,0,0,0,0,0,0,1,0
"Superior Packets",0,0,5,5,5,1,0,1,1,1,3,3,0,1,5,1,1,5,2,0,5,5,5,5,0,0,1,3,0,0,0,1,0,0,0,1,0,0,0,0,0,0,0,0,0,0,0,0,0,0
"Texture Notes",1,1,1,5,4,2,0,0,0,0,2,1,0,1,3,1,0,3,4,0,3,2,4,2,0,0,0,2,0,1,1,0,0,0,0,1,0,0,0,1,0,0,0,0,0,0,0,1,1,0
"The 8th House",1,1,2,2,4,2,0,1,1,0,4,4,1,0,4,0,1,3,4,0,5,4,2,2,1,0,0,4,0,0,1,0,0,0,0,1,0,0,1,0,0,0,0,1,0,0,0,0,1,0
"The Accidentalist",0,0,4,4,3,2,0,0,0,0,2,3,0,1,2,1,0,2,5,0,3,4,4,1,1,0,1,3,0,1,1,1,1,0,0,0,0,1,0,1,0,0,0,1,0,0,0,0,0,1
"The Battlefield Where the Moon Says I Love You",1,1,2,4,5,1,0,1,0,0,5,5,1,0,4,1,0,4,5,1,5,2,5,5,1,0,0,3,0,1,0,0,0,0,0,1,0,0,1,0,1,0,0,0,0,0,1,0,1,0
"The Beauty of the Husband",1,1,3,4,3,4,0,1,1,0,3,4,1,0,3,1,1,1,4,0,2,3,4,2,0,0,0,3,0,1,1,0,0,0,0,1,0,0,0,0,0,1,0,1,0,0,1,0,1,0
"The Black Forest",0,1,2,5,4,4,0,1,1,0,3,3,0,1,3,1,0,2,5,0,4,4,3,2,1,0,0,4,0,1,0,1,0,0,0,1,0,1,0,0,1,0,0,0,0,0,0,1,1,0
"The Bone and the Body",1,1,4,4,3,4,0,0,1,1,4,3,0,0,4,1,1,4,4,0,2,2,4,4,0,0,0,2,0,0,1,1,0,0,0,1,0,0,0,0,1,0,0,1,0,0,0,1,1,0
"The Children's War and Other Poems",1,0,4,4,4,4,0,1,1,0,4,5,1,0,2,1,1,2,4,1,2,2,2,3,0,0,1,2,1,1,0,1,1,0,0,1,0,1,0,0,0,1,0,1,0,0,1,0,1,0
"the circle book",1,1,1,1,1,5,1,1,1,1,4,4,1,1,2,0,1,2,5,0,5,5,1,3,1,0,0,2,0,1,1,0,0,0,0,1,1,0,0,0,0,0,0,0,0,0,0,0,0,0
"The Collected Poems of James Elroy Flecker (1916)",0,0,5,4,2,4,0,1,1,0,2,2,0,0,5,1,0,3,1,0,1,2,4,2,1,0,1,4,0,1,1,0,0,0,0,1,0,1,0,1,0,0,0,0,1,1,0,0,1,0
"The Dog Runs On: Poems",0,0,3,4,4,2,1,1,0,0,2,4,0,0,1,1,0,4,5,1,4,2,4,3,1,0,0,4,0,1,1,1,0,0,0,1,0,1,0,0,0,1,0,0,0,0,1,0,1,0
"The Evening Sun",1,1,2,5,4,3,0,1,1,0,2,3,0,1,3,1,1,2,4,1,2,1,2,3,0,0,0,3,0,1,1,0,0,0,0,1,0,1,0,0,1,0,0,0,1,0,0,0,1,0
"The Future Is Happy",0,1,4,5,3,1,1,1,1,0,3,3,0,1,1,1,0,5,5,0,3,5,5,4,0,0,0,3,0,1,0,1,0,0,0,0,0,0,0,0,1,0,0,0,0,0,0,0,1,0
"The Greenhouse",1,1,4,5,4,1,1,0,0,1,2,3,0,1,4,1,0,3,5,0,4,4,4,4,1,0,0,3,0,1,1,1,0,0,0,1,0,0,1,0,0,1,0,0,0,0,0,0,1,0
"The Ground I Stand On Is Not My Ground",1,1,2,4,3,3,0,1,1,1,2,5,0,0,1,1,1,4,2,1,2,3,3,1,1,0,0,2,1,1,0,1,0,0,0,1,0,1,0,0,0,1,0,1,0,1,0,0,1,0
"The Homesteader",1,1,4,4,4,2,0,1,1,0,4,4,1,0,4,1,1,3,2,1,4,3,4,3,1,0,1,2,1,1,0,0,0,0,0,1,0,0,1,0,0,1,0,0,0,0,1,0,1,0
"The Kimnama",1,0,3,1,3,3,0,1,0,0,3,3,0,0,1,0,0,1,4,0,1,2,2,1,1,0,0,2,1,1,1,1,0,0,0,1,0,1,0,0,0,0,0,1,0,1,0,0,1,0
"The Last Two Seconds",1,1,2,3,2,1,0,1,0,1,2,4,0,0,3,1,0,2,5,0,1,2,3,2,1,1,0,4,0,1,1,0,0,0,0,1,0,1,0,0,0,1,0,1,0,1,0,0,1,0
"The Law of Second Marriages",1,0,2,2,2,4,0,1,1,0,2,5,1,0,2,1,1,3,4,1,3,2,2,2,1,0,0,3,0,1,1,0,0,0,0,1,1,0,0,1,0,0,0,1,0,0,1,0,1,0
"The Longest You've Lived Anywhere",0,0,5,5,3,1,0,1,1,0,2,2,0,1,1,1,0,4,2,0,3,4,2,2,1,0,1,1,0,1,1,0,0,0,0,1,0,1,0,0,0,1,0,1,0,0,1,0,0,0
"The Metamorphoses",1,1,5,3,5,1,0,1,0,0,3,4,0,1,5,1,0,1,1,1,4,4,5,3,1,0,1,3,1,1,1,0,0,0,0,1,0,1,0,0,0,1,0,0,1,0,1,0,1,0
"The Monarchs",0,0,4,2,3,1,1,1,0,1,3,4,0,1,2,1,0,4,4,0,5,2,4,5,1,0,1,2,0,0,1,1,1,0,0,1,0,0,0,0,1,0,0,0,0,0,0,1,0,1
"The More Difficult Beauty",0,0,4,4,4,3,0,1,1,0,1,5,0,0,3,1,0,1,4,0,3,3,2,2,1,0,0,2,0,1,1,1,0,0,0,1,0,1,0,0,0,1,0,0,0,1,0,0,1,0
"The Narrow Road to the Deep North and Other Travel Sketches",0,1,2,1,4,2,1,1,1,0,2,4,0,0,4,0,0,2,4,1,4,2,3,4,1,0,0,3,0,1,1,0,0,0,0,1,0,0,0,0,0,0,0,1,0,1,0,0,1,0
"The Night We're Not Sleeping In",1,0,4,3,3,4,0,1,1,0,4,4,0,1,4,1,0,3,5,1,2,5,3,3,1,0,0,2,0,1,0,1,0,0,0,1,0,1,0,0,0,1,0,0,0,1,0,0,1,0
"The Opposite House",1,0,3,3,5,2,0,0,0,0,2,4,0,0,3,0,0,3,4,0,3,2,5,2,1,0,0,2,0,1,1,0,0,0,0,1,0,1,0,0,0,0,0,0,1,1,0,0,1,0
"The Prisoners",1,0,3,4,3,4,0,1,1,0,3,5,1,1,2,1,1,4,4,0,2,2,3,3,1,0,0,2,0,1,1,0,0,0,0,1,0,1,0,0,0,1,0,0,0,0,0,0,1,0
"The Rova Improvisations",1,1,5,5,2,1,1,0,1,0,5,3,0,0,5,0,0,5,5,0,5,5,5,5,0,1,0,2,0,0,1,0,0,0,0,1,0,0,0,0,0,0,0,1,0,0,0,0,0,1
"The Rova Improvisations",0,0,5,4,2,2,1,0,1,0,2,2,0,0,5,0,0,5,2,1,5,3,4,5,0,1,0,3,0,0,0,0,0,0,0,1,0,0,0,0,0,0,0,0,0,0,0,0,0,0
"The Self Unstable",1,0,1,2,2,5,0,1,1,0,2,2,0,0,1,1,1,1,5,0,3,2,2,1,1,0,0,4,0,1,1,0,0,0,0,1,0,0,0,0,0,1,0,1,0,0,0,0,0,0
"The Singing Knives",0,0,1,2,5,1,0,1,1,0,4,5,1,0,4,1,0,2,5,1,4,4,5,4,1,0,0,2,0,1,0,0,0,0,0,1,0,1,0,1,0,0,1,0,0,1,0,0,0,1
"The Story You Tell Yourself",0,0,4,4,4,3,0,1,0,0,2,2,0,1,2,1,0,3,2,0,2,2,4,1,1,0,1,2,0,1,1,1,0,0,0,1,0,1,0,0,0,1,0,1,0,0,1,0,1,0
"The Waste Land and Other Poems",1,1,4,4,4,4,0,1,0,0,4,4,0,1,4,0,1,3,3,1,4,5,4,2,0,1,0,4,0,1,0,1,0,0,0,0,0,0,0,0,0,0,0,0,0,0,0,1,0,1
"The World of the Ten Thousand Things",1,1,2,4,5,1,0,1,0,0,2,2,0,0,3,1,0,2,4,1,5,3,4,3,1,0,0,3,0,1,1,0,0,0,0,1,0,0,1,0,0,0,0,0,0,0,1,0,1,0
"These Are the Gloria Stories",1,1,5,5,3,1,0,0,0,1,5,5,0,1,3,1,1,4,5,0,3,4,3,5,0,0,0,1,1,1,0,1,0,0,0,1,0,0,0,0,0,1,0,0,0,0,0,0,0,0
"This Sentimental Education",1,1,3,5,2,5,1,1,0,0,1,1,0,0,5,1,0,3,5,0,5,3,2,5,1,0,0,5,0,1,0,1,0,0,0,0,0,1,0,1,0,0,0,0,0,0,0,0,1,0
"Toast Is Just Bread That Put Up A Fight",0,1,2,4,3,3,0,0,1,0,4,4,1,1,2,1,0,2,5,0,4,2,2,3,1,0,0,3,0,0,1,1,0,0,0,1,0,0,0,0,1,0,0,0,0,0,0,1,1,0
"Trances of the Blast",0,1,2,4,3,4,0,1,1,0,2,3,0,1,2,1,0,3,4,0,4,4,4,3,0,1,0,2,0,1,0,0,0,0,0,1,0,1,0,0,1,0,0,0,0,0,0,1,1,0
"Transformations",1,1,5,5,5,2,0,1,0,0,4,4,1,1,4,1,1,2,3,0,1,5,4,3,1,1,0,4,1,1,1,0,0,0,0,1,1,0,0,0,1,0,0,0,1,0,0,1,1,0
"Tributaries",1,1,2,2,4,4,0,0,0,0,2,5,1,0,2,1,1,2,5,1,2,4,3,2,0,0,0,4,0,1,0,1,0,0,0,0,0,1,0,0,0,1,0,0,0,0,1,0,1,0
"Tulips, Water, Ash",0,0,4,5,4,1,1,0,1,0,2,2,0,0,3,1,0,3,4,0,4,4,4,5,1,1,0,3,0,1,1,1,0,0,0,1,0,1,0,0,0,1,0,0,0,0,0,0,1,0
"Untended Garden (Histories and Reinhabitation in Suburbia)",1,0,4,5,4,3,0,1,0,1,2,2,0,0,2,1,1,3,5,1,2,3,4,4,1,0,0,1,0,1,1,1,0,0,0,1,0,0,0,0,0,1,0,0,0,0,1,0,1,0
"Velvet Rodeo",1,1,5,5,4,4,0,1,0,1,3,4,0,0,3,1,1,3,4,1,1,5,4,4,1,0,0,3,0,1,0,0,0,0,0,1,0,0,0,0,0,1,0,0,0,1,0,0,0,1
"War of the Foxes",1,0,4,5,4,4,0,1,0,0,5,4,1,0,2,1,1,1,3,0,3,1,5,2,1,1,0,2,1,0,1,0,0,0,0,1,0,1,0,0,0,1,0,0,0,0,1,0,1,0
"War of the Foxes",1,1,3,4,4,3,0,1,1,0,4,4,0,0,4,1,0,2,4,0,4,4,3,3,1,1,0,5,0,0,1,0,0,0,0,1,0,1,0,0,1,0,0,1,0,0,0,0,1,0
"War of the Foxes",1,0,3,5,3,4,0,1,1,0,2,3,0,0,2,1,1,1,4,0,3,2,2,1,1,0,0,2,0,1,1,0,0,0,0,1,0,0,1,1,0,0,0,1,0,0,1,0,1,0
"What is Amazing",0,1,2,2,4,1,0,0,1,0,2,2,1,1,1,1,0,2,4,0,5,4,2,4,1,0,0,2,0,1,1,0,0,0,0,1,0,1,0,0,0,0,0,1,0,0,0,1,1,0
"Wild Grass",0,1,3,3,5,2,0,1,0,0,3,4,1,0,4,1,1,2,5,1,2,4,4,2,0,1,0,3,1,0,1,0,0,0,0,1,0,0,0,0,0,1,0,0,0,0,0,1,1,0
"With Deer",0,1,4,5,5,5,1,1,1,0,5,5,1,0,3,0,1,3,5,0,3,1,2,2,1,0,0,2,1,0,1,0,0,0,0,1,0,0,0,0,0,0,1,0,0,0,0,1,1,0
"Words Under the Words",0,1,4,3,3,4,0,1,0,0,2,2,0,0,3,1,0,2,4,0,2,3,4,4,1,0,0,3,1,1,0,0,0,0,0,1,0,1,0,1,0,0,0,1,0,0,1,0,1,0
"Workers' Compensation: Poems of Labor & the Working Life",0,0,3,4,3,4,0,1,1,0,3,4,0,0,3,0,0,2,3,0,2,2,3,2,1,0,1,1,1,1,1,1,0,0,0,1,0,1,0,0,0,0,0,0,0,1,0,0,1,0
